{"stats":{"minecraft:dropped":{"minecraft:dirt":4,"minecraft:diorite":15,"minecraft:granite":3,"minecraft:stone_pickaxe":1,"minecraft:wooden_pickaxe":1,"minecraft:iron_pickaxe":1},"minecraft:custom":{"minecraft:time_since_rest":35436,"minecraft:interact_with_furnace":6,"minecraft:sprint_one_cm":8662,"minecraft:damage_taken":240,"minecraft:walk_one_cm":33521,"minecraft:drop":9,"minecraft:interact_with_crafting_table":9,"minecraft:fly_one_cm":2426,"minecraft:crouch_one_cm":1240,"minecraft:play_time":35436,"minecraft:sneak_time":1515,"minecraft:jump":76,"minecraft:leave_game":5,"minecraft:walk_on_water_one_cm":260,"minecraft:time_since_death":35436,"minecraft:total_world_time":35436,"minecraft:fall_one_cm":2485},"minecraft:used":{"minecraft:diamond_pickaxe":55,"minecraft:apple":1,"minecraft:stone_pickaxe":136,"minecraft:iron_pickaxe":10,"minecraft:oak_planks":4,"minecraft:wooden_pickaxe":3,"minecraft:dirt":4,"minecraft:cobblestone":1,"minecraft:crafting_table":4,"minecraft:furnace":2,"minecraft:oak_sapling":3,"minecraft:granite":2},"minecraft:mined":{"minecraft:diamond_ore":3,"minecraft:birch_planks":1,"minecraft:tuff":6,"minecraft:furnace":2,"minecraft:deepslate_diamond_ore":3,"minecraft:iron_ore":15,"minecraft:crafting_table":4,"minecraft:granite":14,"minecraft:coal_ore":7,"minecraft:grass_block":2,"minecraft:oak_log":15,"minecraft:deepslate_iron_ore":2,"minecraft:dirt":6,"minecraft:stone":105,"minecraft:diorite":15,"minecraft:oak_leaves":1,"minecraft:deepslate":32},"minecraft:broken":{"minecraft:stone_pickaxe":1},"minecraft:crafted":{"minecraft:oak_planks":60,"minecraft:diamond_pickaxe":1,"minecraft:crafting_table":1,"minecraft:stick":16,"minecraft:iron_pickaxe":1,"minecraft:iron_ingot":15,"minecraft:wooden_pickaxe":1,"minecraft:stone_pickaxe":2,"minecraft:furnace":2,"minecraft:air":0},"minecraft:picked_up":{"minecraft:crafting_table":4,"minecraft:stick":2,"minecraft:raw_iron":15,"minecraft:birch_planks":1,"minecraft:tuff":6,"minecraft:oak_log":15,"minecraft:diorite":15,"minecraft:dirt":8,"minecraft:apple":1,"minecraft:diamond":6,"minecraft:cobbled_deepslate":27,"minecraft:granite":14,"minecraft:oak_sapling":3,"minecraft:coal":12,"minecraft:cobblestone":100,"minecraft:furnace":2}},"DataVersion":3465}