{"stats":{"minecraft:custom":{"minecraft:time_since_rest":18552,"minecraft:play_time":18552,"minecraft:sprint_one_cm":1786,"minecraft:walk_one_cm":9967,"minecraft:sneak_time":7,"minecraft:jump":15,"minecraft:leave_game":4,"minecraft:time_since_death":18552,"minecraft:walk_on_water_one_cm":260,"minecraft:total_world_time":18552,"minecraft:fly_one_cm":262,"minecraft:interact_with_crafting_table":3},"minecraft:used":{"minecraft:dirt":4,"minecraft:crafting_table":3,"minecraft:oak_sapling":3,"minecraft:stone_pickaxe":3,"minecraft:wooden_pickaxe":3},"minecraft:mined":{"minecraft:birch_planks":1,"minecraft:grass_block":2,"minecraft:oak_log":15,"minecraft:dirt":6,"minecraft:stone":6,"minecraft:oak_leaves":1,"minecraft:crafting_table":3},"minecraft:crafted":{"minecraft:oak_planks":60,"minecraft:crafting_table":1,"minecraft:stick":4,"minecraft:wooden_pickaxe":1,"minecraft:stone_pickaxe":2},"minecraft:picked_up":{"minecraft:stick":2,"minecraft:crafting_table":3,"minecraft:apple":1,"minecraft:birch_planks":1,"minecraft:oak_log":15,"minecraft:oak_sapling":3,"minecraft:dirt":8,"minecraft:cobblestone":6}},"DataVersion":3465}