{"stats":{"minecraft:custom":{"minecraft:time_since_rest":14999,"minecraft:sprint_one_cm":1786,"minecraft:play_time":14999,"minecraft:walk_one_cm":7962,"minecraft:jump":10,"minecraft:walk_on_water_one_cm":260,"minecraft:leave_game":2,"minecraft:time_since_death":14999,"minecraft:total_world_time":14999,"minecraft:interact_with_crafting_table":1,"minecraft:fly_one_cm":262},"minecraft:used":{"minecraft:dirt":1,"minecraft:crafting_table":1,"minecraft:oak_sapling":3},"minecraft:mined":{"minecraft:grass_block":2,"minecraft:birch_planks":1,"minecraft:oak_log":15,"minecraft:dirt":2,"minecraft:oak_leaves":1,"minecraft:crafting_table":1},"minecraft:crafted":{"minecraft:oak_planks":60,"minecraft:crafting_table":1,"minecraft:stick":4,"minecraft:wooden_pickaxe":1},"minecraft:picked_up":{"minecraft:crafting_table":1,"minecraft:stick":2,"minecraft:apple":1,"minecraft:birch_planks":1,"minecraft:oak_log":15,"minecraft:oak_sapling":3,"minecraft:dirt":4}},"DataVersion":3465}