{"stats":{"minecraft:mined":{"create:zinc_ore":3,"minecraft:diamond_ore":3,"minecraft:tuff":33,"minecraft:deepslate_diamond_ore":40,"minecraft:crafting_table":8,"minecraft:granite":14,"minecraft:grass_block":3,"minecraft:diorite":15,"minecraft:birch_planks":1,"minecraft:furnace":4,"minecraft:iron_ore":15,"minecraft:oak_log":15,"minecraft:coal_ore":28,"minecraft:deepslate_iron_ore":34,"minecraft:dirt":8,"minecraft:stone":138,"minecraft:oak_leaves":1,"minecraft:deepslate":240},"minecraft:broken":{"minecraft:stone_pickaxe":1},"minecraft:crafted":{"minecraft:oak_planks":60,"minecraft:diamond_sword":1,"minecraft:diamond_axe":1,"minecraft:crafting_table":1,"minecraft:wooden_pickaxe":1,"minecraft:furnace":2,"minecraft:diamond_shovel":1,"minecraft:air":0,"minecraft:diamond_helmet":1,"minecraft:diamond_leggings":1,"minecraft:diamond_pickaxe":1,"minecraft:shield":1,"minecraft:stick":16,"minecraft:iron_ingot":35,"minecraft:iron_pickaxe":1,"minecraft:stone_pickaxe":2,"minecraft:torch":8,"minecraft:diamond_chestplate":1},"minecraft:picked_up":{"minecraft:crafting_table":8,"minecraft:birch_planks":1,"minecraft:oak_log":15,"minecraft:tuff":33,"create:raw_zinc":3,"minecraft:dirt":11,"minecraft:apple":1,"minecraft:cobbled_deepslate":240,"minecraft:iron_ingot":4,"minecraft:furnace":4,"minecraft:stick":3,"minecraft:raw_iron":57,"minecraft:cooked_porkchop":3,"minecraft:diorite":15,"minecraft:diamond":43,"minecraft:granite":14,"minecraft:oak_sapling":3,"minecraft:coal":32,"minecraft:cobblestone":131},"minecraft:custom":{"minecraft:interact_with_furnace":24,"minecraft:interact_with_crafting_table":13,"minecraft:leave_game":14,"minecraft:time_since_death":62486,"minecraft:time_since_rest":62486,"minecraft:sprint_one_cm":14911,"minecraft:damage_taken":280,"minecraft:walk_one_cm":79258,"minecraft:drop":12,"minecraft:swim_one_cm":213,"minecraft:fly_one_cm":4272,"minecraft:crouch_one_cm":2700,"minecraft:play_time":62486,"minecraft:sneak_time":2174,"minecraft:walk_under_water_one_cm":565,"minecraft:jump":165,"minecraft:walk_on_water_one_cm":3223,"minecraft:total_world_time":62486,"minecraft:fall_one_cm":3828},"minecraft:used":{"minecraft:stone_pickaxe":136,"minecraft:oak_planks":4,"minecraft:wooden_pickaxe":3,"minecraft:diamond_axe":4,"minecraft:torch":2,"minecraft:dirt":4,"minecraft:crafting_table":7,"minecraft:granite":6,"minecraft:diamond_pickaxe":418,"minecraft:apple":1,"minecraft:diamond_shovel":3,"minecraft:iron_pickaxe":10,"minecraft:cobblestone":3,"minecraft:oak_sapling":3,"minecraft:furnace":4,"minecraft:cooked_porkchop":3},"minecraft:dropped":{"minecraft:tuff":41,"minecraft:granite":8,"minecraft:stick":1,"minecraft:dirt":4,"minecraft:diorite":15,"minecraft:wooden_pickaxe":1,"minecraft:stone_pickaxe":1,"minecraft:iron_pickaxe":1}},"DataVersion":3465}