{"stats":{"minecraft:killed":{"minecraft:skeleton":2,"minecraft:zombie":1},"minecraft:mined":{"create:zinc_ore":3,"minecraft:deepslate_redstone_ore":10,"minecraft:diamond_ore":3,"create:deepslate_zinc_ore":13,"minecraft:tuff":34,"minecraft:glass_pane":4,"minecraft:mossy_cobblestone":4,"minecraft:deepslate_diamond_ore":46,"minecraft:cobblestone_stairs":4,"minecraft:crafting_table":8,"minecraft:granite":14,"minecraft:grass_block":19,"minecraft:chest":1,"minecraft:cobblestone":52,"minecraft:composter":2,"minecraft:sugar_cane":10,"minecraft:oak_planks":9,"minecraft:diorite":22,"minecraft:redstone_ore":8,"minecraft:hay_block":35,"minecraft:birch_planks":1,"minecraft:furnace":4,"minecraft:carrots":23,"minecraft:iron_ore":15,"minecraft:wheat":29,"minecraft:andesite":129,"minecraft:yellow_bed":1,"minecraft:potatoes":14,"minecraft:oak_log":53,"minecraft:coal_ore":44,"minecraft:beetroots":1,"minecraft:deepslate_iron_ore":34,"minecraft:oak_stairs":69,"minecraft:sand":8,"minecraft:dirt":10,"minecraft:stone":279,"minecraft:fern":1,"minecraft:oak_leaves":4,"minecraft:deepslate":301},"minecraft:broken":{"minecraft:stone_pickaxe":1},"minecraft:crafted":{"minecraft:oak_planks":60,"minecraft:diamond_sword":1,"minecraft:diamond_axe":1,"minecraft:crafting_table":1,"minecraft:diamond_hoe":1,"minecraft:baked_potato":18,"minecraft:wooden_pickaxe":1,"minecraft:furnace":2,"minecraft:bone_meal":12,"minecraft:diamond_shovel":1,"minecraft:bread":27,"minecraft:air":0,"minecraft:diamond_helmet":1,"minecraft:diamond_leggings":1,"minecraft:diamond_pickaxe":1,"minecraft:shield":1,"minecraft:stick":20,"minecraft:iron_ingot":35,"minecraft:iron_pickaxe":1,"minecraft:stone_pickaxe":2,"minecraft:chest":3,"minecraft:diamond_boots":1,"minecraft:torch":8,"minecraft:diamond_chestplate":1,"minecraft:wheat":81},"minecraft:picked_up":{"minecraft:wheat":7,"minecraft:crafting_table":8,"minecraft:andesite":132,"minecraft:oak_stairs":68,"minecraft:potato":20,"minecraft:birch_planks":1,"minecraft:oak_log":53,"minecraft:tuff":43,"create:raw_zinc":16,"minecraft:yellow_bed":1,"minecraft:cobblestone_stairs":4,"minecraft:dirt":32,"minecraft:bone":8,"minecraft:beetroot":1,"minecraft:apple":1,"minecraft:wheat_seeds":40,"minecraft:cobbled_deepslate":529,"minecraft:bucket":2,"minecraft:iron_ingot":4,"create:shaft":1,"minecraft:sugar_cane":17,"minecraft:chest":1,"minecraft:oak_planks":8,"minecraft:furnace":4,"minecraft:stick":6,"minecraft:raw_iron":57,"minecraft:oak_door":2,"minecraft:cooked_porkchop":3,"minecraft:composter":2,"minecraft:torch":4,"minecraft:sand":8,"minecraft:gravel":2,"minecraft:diorite":22,"minecraft:carrot":50,"minecraft:redstone":142,"minecraft:mossy_cobblestone":4,"minecraft:arrow":4,"minecraft:rotten_flesh":1,"minecraft:diamond":49,"minecraft:beetroot_seeds":1,"minecraft:hay_block":35,"minecraft:granite":17,"minecraft:bread":23,"minecraft:oak_sapling":3,"minecraft:coal":48,"minecraft:cobblestone":511},"minecraft:custom":{"minecraft:interact_with_furnace":29,"minecraft:mob_kills":3,"minecraft:interact_with_crafting_table":20,"minecraft:damage_dealt_resisted":517,"minecraft:leave_game":20,"minecraft:time_since_death":120133,"minecraft:climb_one_cm":6,"minecraft:time_since_rest":120133,"minecraft:sprint_one_cm":68415,"minecraft:damage_taken":696,"minecraft:walk_one_cm":230812,"minecraft:damage_blocked_by_shield":265,"minecraft:drop":33,"minecraft:damage_dealt":549,"minecraft:damage_dealt_absorbed":197,"minecraft:swim_one_cm":6966,"minecraft:fly_one_cm":47071,"minecraft:open_chest":19,"minecraft:crouch_one_cm":4257,"minecraft:play_time":120133,"minecraft:sneak_time":2779,"minecraft:walk_under_water_one_cm":4322,"minecraft:jump":523,"minecraft:walk_on_water_one_cm":14719,"minecraft:total_world_time":120133,"minecraft:fall_one_cm":9350},"minecraft:used":{"minecraft:diorite":7,"minecraft:baked_potato":3,"minecraft:stone_pickaxe":136,"minecraft:chest":4,"minecraft:diamond_hoe":30,"minecraft:oak_planks":9,"minecraft:wooden_pickaxe":3,"minecraft:shield":10,"minecraft:diamond_axe":124,"minecraft:sugar_cane":17,"minecraft:torch":8,"minecraft:sand":1,"minecraft:dirt":15,"minecraft:crafting_table":8,"minecraft:carrot":51,"minecraft:granite":6,"minecraft:diamond_pickaxe":871,"minecraft:apple":1,"minecraft:diamond_shovel":23,"minecraft:bread":4,"minecraft:iron_pickaxe":10,"minecraft:diamond_sword":19,"minecraft:cobblestone":3,"minecraft:furnace":6,"minecraft:oak_sapling":3,"minecraft:cooked_porkchop":3,"minecraft:bucket":2,"minecraft:potato":7,"minecraft:bone_meal":12},"minecraft:dropped":{"minecraft:iron_ingot":36,"minecraft:wheat_seeds":36,"create:shaft":1,"minecraft:diamond":31,"minecraft:tuff":41,"minecraft:wheat":7,"minecraft:raw_iron":9,"minecraft:beetroot":1,"minecraft:granite":8,"minecraft:stick":1,"minecraft:lava_bucket":2,"minecraft:dirt":4,"minecraft:diorite":15,"minecraft:andesite":128,"minecraft:beetroot_seeds":1,"minecraft:wooden_pickaxe":1,"minecraft:stone_pickaxe":1,"minecraft:iron_pickaxe":1,"create:raw_zinc":40,"minecraft:redstone":128}},"DataVersion":3465}