{"stats":{"minecraft:killed":{"minecraft:skeleton":2},"minecraft:mined":{"create:zinc_ore":3,"minecraft:diamond_ore":3,"create:deepslate_zinc_ore":13,"minecraft:tuff":33,"minecraft:deepslate_diamond_ore":46,"minecraft:crafting_table":8,"minecraft:granite":14,"minecraft:grass_block":3,"minecraft:cobblestone":4,"minecraft:diorite":15,"minecraft:birch_planks":1,"minecraft:furnace":4,"minecraft:iron_ore":15,"minecraft:oak_log":15,"minecraft:coal_ore":28,"minecraft:deepslate_iron_ore":34,"minecraft:dirt":8,"minecraft:stone":138,"minecraft:oak_leaves":1,"minecraft:deepslate":288},"minecraft:broken":{"minecraft:stone_pickaxe":1},"minecraft:crafted":{"minecraft:oak_planks":60,"minecraft:diamond_sword":1,"minecraft:diamond_axe":1,"minecraft:crafting_table":1,"minecraft:wooden_pickaxe":1,"minecraft:furnace":2,"minecraft:diamond_shovel":1,"minecraft:air":0,"minecraft:diamond_helmet":1,"minecraft:diamond_leggings":1,"minecraft:diamond_pickaxe":1,"minecraft:shield":1,"minecraft:stick":16,"minecraft:iron_ingot":35,"minecraft:iron_pickaxe":1,"minecraft:stone_pickaxe":2,"minecraft:torch":8,"minecraft:diamond_chestplate":1},"minecraft:picked_up":{"minecraft:crafting_table":8,"minecraft:birch_planks":1,"minecraft:oak_log":15,"minecraft:tuff":33,"create:raw_zinc":16,"minecraft:dirt":11,"minecraft:bone":4,"minecraft:apple":1,"minecraft:cobbled_deepslate":288,"minecraft:iron_ingot":4,"minecraft:furnace":4,"minecraft:stick":3,"minecraft:raw_iron":57,"minecraft:cooked_porkchop":3,"minecraft:diorite":15,"minecraft:arrow":2,"minecraft:diamond":49,"minecraft:granite":14,"minecraft:oak_sapling":3,"minecraft:coal":32,"minecraft:cobblestone":135},"minecraft:custom":{"minecraft:interact_with_furnace":24,"minecraft:mob_kills":2,"minecraft:interact_with_crafting_table":13,"minecraft:damage_dealt_resisted":293,"minecraft:leave_game":17,"minecraft:time_since_death":75011,"minecraft:time_since_rest":75011,"minecraft:sprint_one_cm":16602,"minecraft:damage_taken":432,"minecraft:walk_one_cm":96916,"minecraft:damage_blocked_by_shield":265,"minecraft:drop":12,"minecraft:damage_dealt":350,"minecraft:damage_dealt_absorbed":78,"minecraft:swim_one_cm":213,"minecraft:fly_one_cm":5979,"minecraft:open_chest":2,"minecraft:crouch_one_cm":2700,"minecraft:play_time":75011,"minecraft:sneak_time":2228,"minecraft:walk_under_water_one_cm":565,"minecraft:jump":198,"minecraft:walk_on_water_one_cm":3223,"minecraft:total_world_time":75011,"minecraft:fall_one_cm":4308},"minecraft:used":{"minecraft:stone_pickaxe":136,"minecraft:oak_planks":4,"minecraft:shield":10,"minecraft:wooden_pickaxe":3,"minecraft:diamond_axe":4,"minecraft:torch":8,"minecraft:dirt":4,"minecraft:crafting_table":7,"minecraft:granite":6,"minecraft:diamond_pickaxe":489,"minecraft:apple":1,"minecraft:diamond_shovel":3,"minecraft:iron_pickaxe":10,"minecraft:diamond_sword":11,"minecraft:cobblestone":3,"minecraft:furnace":4,"minecraft:oak_sapling":3,"minecraft:cooked_porkchop":3},"minecraft:dropped":{"minecraft:tuff":41,"minecraft:granite":8,"minecraft:stick":1,"minecraft:dirt":4,"minecraft:diorite":15,"minecraft:wooden_pickaxe":1,"minecraft:stone_pickaxe":1,"minecraft:iron_pickaxe":1}},"DataVersion":3465}