{"stats":{"minecraft:mined":{"minecraft:diamond_ore":3,"minecraft:birch_planks":1,"minecraft:tuff":28,"minecraft:furnace":2,"minecraft:deepslate_diamond_ore":19,"minecraft:iron_ore":15,"minecraft:crafting_table":7,"minecraft:granite":14,"minecraft:grass_block":2,"minecraft:oak_log":15,"minecraft:coal_ore":7,"minecraft:deepslate_iron_ore":34,"minecraft:dirt":6,"minecraft:stone":105,"minecraft:diorite":15,"minecraft:oak_leaves":1,"minecraft:deepslate":168},"minecraft:broken":{"minecraft:stone_pickaxe":1},"minecraft:crafted":{"minecraft:oak_planks":60,"minecraft:diamond_helmet":1,"minecraft:diamond_sword":1,"minecraft:diamond_leggings":1,"minecraft:diamond_pickaxe":1,"minecraft:diamond_axe":1,"minecraft:crafting_table":1,"minecraft:stick":16,"minecraft:wooden_pickaxe":1,"minecraft:iron_ingot":15,"minecraft:iron_pickaxe":1,"minecraft:stone_pickaxe":2,"minecraft:furnace":2,"minecraft:diamond_shovel":1,"minecraft:torch":8,"minecraft:air":0,"minecraft:diamond_chestplate":1},"minecraft:picked_up":{"minecraft:crafting_table":7,"minecraft:stick":2,"minecraft:raw_iron":48,"minecraft:cooked_porkchop":3,"minecraft:birch_planks":1,"minecraft:tuff":28,"minecraft:oak_log":15,"minecraft:diorite":15,"minecraft:dirt":8,"minecraft:apple":1,"minecraft:diamond":22,"minecraft:cobbled_deepslate":167,"minecraft:granite":14,"minecraft:oak_sapling":3,"minecraft:coal":12,"minecraft:cobblestone":100,"minecraft:furnace":2},"minecraft:custom":{"minecraft:time_since_rest":50106,"minecraft:sprint_one_cm":9162,"minecraft:interact_with_furnace":6,"minecraft:damage_taken":250,"minecraft:walk_one_cm":57640,"minecraft:drop":11,"minecraft:interact_with_crafting_table":12,"minecraft:fly_one_cm":2426,"minecraft:crouch_one_cm":1319,"minecraft:play_time":50106,"minecraft:sneak_time":1581,"minecraft:jump":112,"minecraft:leave_game":8,"minecraft:time_since_death":50106,"minecraft:walk_on_water_one_cm":260,"minecraft:total_world_time":50106,"minecraft:fall_one_cm":2820},"minecraft:used":{"minecraft:diamond_pickaxe":261,"minecraft:apple":1,"minecraft:stone_pickaxe":136,"minecraft:oak_planks":4,"minecraft:iron_pickaxe":10,"minecraft:wooden_pickaxe":3,"minecraft:diamond_axe":3,"minecraft:torch":2,"minecraft:dirt":4,"minecraft:cobblestone":1,"minecraft:furnace":2,"minecraft:crafting_table":6,"minecraft:oak_sapling":3,"minecraft:cooked_porkchop":2,"minecraft:granite":6},"minecraft:dropped":{"minecraft:dirt":4,"minecraft:diorite":15,"minecraft:tuff":41,"minecraft:granite":8,"minecraft:wooden_pickaxe":1,"minecraft:stone_pickaxe":1,"minecraft:iron_pickaxe":1}},"DataVersion":3465}