{"stats":{"minecraft:custom":{"minecraft:time_since_rest":9430,"minecraft:sprint_one_cm":25935,"minecraft:damage_taken":20,"minecraft:walk_one_cm":22796,"minecraft:mob_kills":3,"minecraft:damage_dealt":240,"minecraft:interact_with_crafting_table":6,"minecraft:fly_one_cm":13683,"minecraft:crouch_one_cm":1321,"minecraft:play_time":9430,"minecraft:sneak_time":448,"minecraft:walk_under_water_one_cm":398,"minecraft:boat_one_cm":34065,"minecraft:jump":96,"minecraft:leave_game":1,"minecraft:time_since_death":9430,"minecraft:walk_on_water_one_cm":228,"minecraft:climb_one_cm":177,"minecraft:total_world_time":9430,"minecraft:fall_one_cm":960},"minecraft:used":{"minecraft:birch_planks":7,"minecraft:stone_pickaxe":21,"minecraft:wooden_pickaxe":4,"minecraft:birch_boat":1,"minecraft:stone_axe":27,"minecraft:dirt":10,"minecraft:crafting_table":2},"minecraft:mined":{"minecraft:birch_log":11,"minecraft:birch_leaves":1,"minecraft:crafting_table":2,"minecraft:grass":2,"minecraft:grass_block":2,"minecraft:oak_log":14,"minecraft:dirt":9,"minecraft:stone":24,"minecraft:sugar_cane":12},"minecraft:crafted":{"minecraft:oak_planks":12,"minecraft:crafting_table":1,"minecraft:stick":8,"minecraft:wooden_pickaxe":1,"minecraft:birch_boat":1,"minecraft:stone_pickaxe":1,"minecraft:furnace":2,"minecraft:birch_planks":24,"minecraft:stone_axe":1},"minecraft:picked_up":{"minecraft:birch_log":11,"minecraft:crafting_table":2,"minecraft:oak_log":14,"minecraft:lily_pad":8,"minecraft:dirt":11,"minecraft:oak_sapling":2,"minecraft:sugar_cane":25,"minecraft:mutton":4,"minecraft:white_wool":3,"minecraft:cobblestone":24},"minecraft:killed":{"minecraft:sheep":3}},"DataVersion":3465}