{"stats":{"minecraft:killed":{"minecraft:pig":16,"minecraft:sheep":17,"minecraft:zombie":1,"minecraft:cow":6},"minecraft:mined":{"minecraft:white_bed":1,"minecraft:cobbled_deepslate_stairs":7,"create:andesite_casing":15,"minecraft:grass_block":10,"create:large_cogwheel":2,"minecraft:spruce_leaves":5,"create:shaft":14,"minecraft:furnace":4,"minecraft:cobbled_deepslate":51,"minecraft:andesite":5,"minecraft:oak_stairs":1,"minecraft:green_carpet":1,"minecraft:stone":95,"minecraft:white_wool":6,"minecraft:oak_slab":2,"create:cogwheel":1,"minecraft:spruce_door":1,"minecraft:crafting_table":6,"minecraft:cobblestone":33,"minecraft:tall_grass":12,"minecraft:oak_planks":7,"minecraft:sugar_cane":24,"create:large_water_wheel":1,"create:water_wheel_structure":1,"create:gearbox":3,"minecraft:birch_log":11,"minecraft:spruce_log":13,"minecraft:birch_leaves":1,"create:mechanical_drill":3,"minecraft:grass":11,"minecraft:coal_ore":21,"minecraft:oak_log":64,"minecraft:dirt":35,"minecraft:oak_leaves":32,"minecraft:fern":1},"minecraft:crafted":{"minecraft:oak_planks":256,"minecraft:iron_nugget":198,"minecraft:birch_boat":1,"minecraft:furnace":4,"minecraft:cooked_mutton":4,"create:vertical_gearbox":7,"minecraft:stone_pickaxe":2,"minecraft:diamond_boots":1,"minecraft:cobbled_deepslate_stairs":8,"create:cogwheel":35,"minecraft:cooked_beef":12,"minecraft:oak_slab":18,"create:andesite_alloy":60,"minecraft:diamond_sword":1,"minecraft:cooked_porkchop":17,"minecraft:diamond_axe":1,"minecraft:crafting_table":3,"minecraft:spruce_planks":48,"minecraft:wooden_pickaxe":2,"minecraft:iron_helmet":1,"minecraft:spruce_door":3,"create:large_water_wheel":4,"minecraft:bucket":2,"minecraft:birch_planks":44,"minecraft:stone_axe":2,"minecraft:air":0,"create:gearbox":7,"minecraft:oak_boat":1,"create:water_wheel":4,"minecraft:diamond_pickaxe":1,"minecraft:stick":20,"minecraft:iron_ingot":26,"minecraft:iron_leggings":1,"create:large_cogwheel":5,"minecraft:white_bed":1,"create:mechanical_drill":6,"create:shaft":64,"minecraft:torch":8,"minecraft:diamond_chestplate":1},"minecraft:picked_up":{"minecraft:crafting_table":6,"minecraft:oak_stairs":1,"minecraft:cobbled_deepslate":41,"minecraft:beef":12,"minecraft:oak_boat":4,"minecraft:sugar_cane":48,"minecraft:furnace":4,"minecraft:stick":6,"minecraft:raw_iron":40,"create:andesite_casing":15,"minecraft:porkchop":40,"minecraft:redstone":64,"create:vertical_gearbox":1,"create:large_cogwheel":2,"minecraft:arrow":2,"minecraft:rotten_flesh":4,"minecraft:mutton":24,"minecraft:white_wool":23,"minecraft:cobblestone":124,"minecraft:birch_log":11,"minecraft:andesite":131,"minecraft:leather":8,"create:raw_zinc":40,"minecraft:oak_log":64,"minecraft:lily_pad":8,"minecraft:cobbled_deepslate_stairs":7,"minecraft:dirt":43,"minecraft:bone":1,"create:mechanical_drill":3,"minecraft:iron_ingot":37,"minecraft:stone_pickaxe":1,"create:shaft":14,"minecraft:oak_planks":50,"minecraft:oak_slab":2,"create:large_water_wheel":9,"create:cogwheel":1,"minecraft:lava_bucket":2,"minecraft:spruce_sapling":2,"minecraft:spruce_log":12,"minecraft:green_carpet":1,"minecraft:spruce_door":1,"create:gearbox":2,"minecraft:diamond":31,"minecraft:oak_sapling":4,"minecraft:coal":64,"minecraft:diamond_pickaxe":2},"minecraft:custom":{"minecraft:mob_kills":40,"minecraft:interact_with_crafting_table":66,"minecraft:damage_dealt_resisted":268,"minecraft:leave_game":10,"minecraft:time_since_death":136745,"minecraft:climb_one_cm":4578,"minecraft:sprint_one_cm":369653,"minecraft:walk_one_cm":453743,"minecraft:drop":13,"minecraft:damage_dealt_absorbed":172,"minecraft:talked_to_villager":1,"minecraft:play_time":163634,"minecraft:deaths":1,"minecraft:sneak_time":9446,"minecraft:walk_under_water_one_cm":5432,"minecraft:boat_one_cm":143955,"minecraft:jump":2100,"minecraft:walk_on_water_one_cm":23326,"minecraft:total_world_time":163634,"minecraft:interact_with_furnace":55,"minecraft:sleep_in_bed":7,"minecraft:time_since_rest":12560,"minecraft:damage_taken":670,"minecraft:damage_dealt":3759,"minecraft:swim_one_cm":10531,"minecraft:fly_one_cm":360794,"minecraft:open_chest":58,"minecraft:crouch_one_cm":35820,"minecraft:fall_one_cm":38825},"minecraft:used":{"minecraft:chest":2,"minecraft:torch":3,"minecraft:dirt":24,"create:cogwheel":12,"minecraft:lava_bucket":2,"create:gearbox":2,"create:shaft":28,"minecraft:furnace":6,"create:mechanical_drill":9,"minecraft:cooked_beef":2,"minecraft:cobbled_deepslate":185,"minecraft:water_bucket":18,"minecraft:spruce_door":2,"minecraft:birch_planks":7,"minecraft:stone_pickaxe":81,"minecraft:oak_planks":58,"minecraft:birch_boat":1,"minecraft:wooden_pickaxe":11,"minecraft:diamond_axe":67,"minecraft:white_wool":6,"minecraft:oak_slab":20,"minecraft:crafting_table":7,"minecraft:white_bed":1,"minecraft:cobbled_deepslate_stairs":13,"minecraft:diamond_pickaxe":91,"minecraft:apple":1,"minecraft:bread":2,"minecraft:iron_pickaxe":56,"minecraft:spruce_sapling":1,"create:large_water_wheel":13,"minecraft:stone_axe":135,"minecraft:diamond_sword":9,"minecraft:cobblestone":59,"minecraft:cooked_porkchop":7,"minecraft:porkchop":2,"minecraft:bucket":19,"minecraft:andesite":11,"minecraft:oak_boat":5,"create:vertical_gearbox":8,"create:large_cogwheel":7},"minecraft:dropped":{"minecraft:iron_ingot":1,"minecraft:cooked_porkchop":3,"minecraft:coal":1,"minecraft:stick":2,"minecraft:dirt":9,"minecraft:bucket":2,"minecraft:cobbled_deepslate":1,"minecraft:diamond_pickaxe":2,"minecraft:oak_sapling":1,"minecraft:stone_pickaxe":1},"minecraft:killed_by":{"minecraft:zombie":1}},"DataVersion":3465}