{"stats":{"minecraft:custom":{"minecraft:time_since_rest":5410,"minecraft:sprint_one_cm":48233,"minecraft:damage_taken":120,"minecraft:walk_one_cm":41292,"minecraft:mob_kills":9,"minecraft:damage_dealt":840,"minecraft:swim_one_cm":536,"minecraft:damage_dealt_absorbed":53,"minecraft:interact_with_crafting_table":7,"minecraft:fly_one_cm":17927,"minecraft:crouch_one_cm":2930,"minecraft:play_time":16130,"minecraft:sneak_time":916,"minecraft:walk_under_water_one_cm":1162,"minecraft:boat_one_cm":34065,"minecraft:damage_dealt_resisted":35,"minecraft:jump":144,"minecraft:leave_game":2,"minecraft:walk_on_water_one_cm":656,"minecraft:time_since_death":16130,"minecraft:sleep_in_bed":1,"minecraft:climb_one_cm":177,"minecraft:total_world_time":16130,"minecraft:fall_one_cm":1169},"minecraft:used":{"minecraft:birch_planks":7,"minecraft:stone_pickaxe":38,"minecraft:wooden_pickaxe":4,"minecraft:birch_boat":1,"minecraft:stone_axe":38,"minecraft:dirt":15,"minecraft:crafting_table":3,"minecraft:porkchop":2,"minecraft:white_bed":1},"minecraft:mined":{"minecraft:white_bed":1,"minecraft:birch_log":11,"minecraft:birch_leaves":1,"minecraft:crafting_table":3,"minecraft:grass":3,"minecraft:coal_ore":14,"minecraft:grass_block":5,"minecraft:oak_log":14,"minecraft:dirt":18,"minecraft:stone":25,"minecraft:sugar_cane":12,"minecraft:oak_leaves":1},"minecraft:crafted":{"minecraft:oak_planks":12,"minecraft:crafting_table":1,"minecraft:stick":8,"minecraft:wooden_pickaxe":1,"minecraft:birch_boat":1,"minecraft:stone_pickaxe":1,"minecraft:furnace":2,"minecraft:white_bed":1,"minecraft:birch_planks":24,"minecraft:stone_axe":1},"minecraft:picked_up":{"minecraft:birch_log":11,"minecraft:crafting_table":3,"minecraft:leather":3,"minecraft:porkchop":9,"minecraft:oak_log":14,"minecraft:lily_pad":8,"minecraft:dirt":23,"minecraft:rotten_flesh":2,"minecraft:beef":5,"minecraft:oak_sapling":2,"minecraft:sugar_cane":25,"minecraft:mutton":4,"minecraft:coal":14,"minecraft:white_wool":3,"minecraft:cobblestone":25},"minecraft:killed":{"minecraft:sheep":3,"minecraft:pig":3,"minecraft:cow":3}},"DataVersion":3465}