{"stats":{"minecraft:killed":{"minecraft:pig":16,"minecraft:sheep":17,"minecraft:cow":6},"minecraft:mined":{"minecraft:white_bed":1,"minecraft:spruce_door":1,"minecraft:crafting_table":6,"minecraft:grass_block":8,"minecraft:tall_grass":4,"minecraft:spruce_leaves":5,"minecraft:sugar_cane":24,"minecraft:furnace":4,"minecraft:birch_log":11,"minecraft:spruce_log":13,"minecraft:birch_leaves":1,"minecraft:grass":6,"minecraft:oak_log":32,"minecraft:coal_ore":21,"minecraft:dirt":23,"minecraft:stone":63,"minecraft:oak_leaves":16},"minecraft:crafted":{"minecraft:cooked_beef":12,"minecraft:oak_planks":128,"minecraft:cooked_porkchop":17,"minecraft:crafting_table":3,"minecraft:spruce_planks":48,"minecraft:wooden_pickaxe":2,"minecraft:birch_boat":1,"minecraft:spruce_door":3,"minecraft:furnace":4,"minecraft:birch_planks":44,"minecraft:stone_axe":2,"minecraft:cooked_mutton":4,"minecraft:air":0,"minecraft:oak_boat":1,"minecraft:stick":20,"minecraft:stone_pickaxe":2,"minecraft:white_bed":1,"minecraft:torch":8},"minecraft:picked_up":{"minecraft:birch_log":11,"minecraft:crafting_table":6,"minecraft:leather":8,"minecraft:oak_log":32,"minecraft:lily_pad":8,"minecraft:dirt":31,"minecraft:stone_pickaxe":1,"minecraft:beef":12,"minecraft:oak_boat":4,"minecraft:sugar_cane":48,"minecraft:oak_planks":42,"minecraft:furnace":4,"minecraft:porkchop":40,"minecraft:spruce_sapling":2,"minecraft:spruce_log":12,"minecraft:spruce_door":1,"minecraft:rotten_flesh":2,"minecraft:oak_sapling":3,"minecraft:mutton":24,"minecraft:coal":30,"minecraft:white_wool":17,"minecraft:cobblestone":63},"minecraft:custom":{"minecraft:interact_with_furnace":43,"minecraft:mob_kills":39,"minecraft:interact_with_crafting_table":25,"minecraft:damage_dealt_resisted":35,"minecraft:leave_game":7,"minecraft:time_since_death":24216,"minecraft:sleep_in_bed":3,"minecraft:climb_one_cm":393,"minecraft:time_since_rest":3068,"minecraft:sprint_one_cm":161390,"minecraft:damage_taken":390,"minecraft:walk_one_cm":153934,"minecraft:drop":5,"minecraft:damage_dealt":3560,"minecraft:damage_dealt_absorbed":53,"minecraft:swim_one_cm":4332,"minecraft:fly_one_cm":99694,"minecraft:open_chest":4,"minecraft:crouch_one_cm":5536,"minecraft:play_time":51105,"minecraft:deaths":1,"minecraft:sneak_time":1664,"minecraft:walk_under_water_one_cm":3210,"minecraft:boat_one_cm":143955,"minecraft:jump":658,"minecraft:walk_on_water_one_cm":9321,"minecraft:total_world_time":51105,"minecraft:fall_one_cm":7509},"minecraft:used":{"minecraft:spruce_door":2,"minecraft:birch_planks":7,"minecraft:stone_pickaxe":80,"minecraft:chest":2,"minecraft:wooden_pickaxe":11,"minecraft:birch_boat":1,"minecraft:torch":3,"minecraft:dirt":16,"minecraft:crafting_table":7,"minecraft:white_bed":1,"minecraft:spruce_sapling":1,"minecraft:stone_axe":107,"minecraft:furnace":6,"minecraft:cooked_porkchop":3,"minecraft:porkchop":2,"minecraft:oak_boat":5},"minecraft:dropped":{"minecraft:cooked_porkchop":3,"minecraft:oak_sapling":1,"minecraft:stone_pickaxe":1},"minecraft:killed_by":{"minecraft:zombie":1}},"DataVersion":3465}