{"stats":{"minecraft:killed":{"minecraft:pig":3,"minecraft:sheep":3,"minecraft:cow":3},"minecraft:mined":{"minecraft:white_bed":1,"minecraft:spruce_door":1,"minecraft:crafting_table":4,"minecraft:grass_block":6,"minecraft:tall_grass":4,"minecraft:spruce_leaves":5,"minecraft:sugar_cane":17,"minecraft:furnace":2,"minecraft:birch_log":11,"minecraft:spruce_log":13,"minecraft:birch_leaves":1,"minecraft:grass":4,"minecraft:oak_log":20,"minecraft:coal_ore":21,"minecraft:dirt":21,"minecraft:stone":43,"minecraft:oak_leaves":8},"minecraft:crafted":{"minecraft:cooked_beef":5,"minecraft:oak_planks":80,"minecraft:cooked_porkchop":7,"minecraft:crafting_table":3,"minecraft:spruce_planks":48,"minecraft:wooden_pickaxe":2,"minecraft:birch_boat":1,"minecraft:spruce_door":3,"minecraft:furnace":2,"minecraft:birch_planks":44,"minecraft:stone_axe":1,"minecraft:cooked_mutton":4,"minecraft:air":0,"minecraft:oak_boat":1,"minecraft:stick":20,"minecraft:stone_pickaxe":1,"minecraft:white_bed":1,"minecraft:torch":8},"minecraft:picked_up":{"minecraft:birch_log":11,"minecraft:crafting_table":4,"minecraft:leather":3,"minecraft:oak_log":20,"minecraft:lily_pad":8,"minecraft:dirt":27,"minecraft:beef":5,"minecraft:oak_boat":1,"minecraft:sugar_cane":29,"minecraft:furnace":2,"minecraft:porkchop":9,"minecraft:spruce_sapling":2,"minecraft:spruce_log":12,"minecraft:spruce_door":1,"minecraft:rotten_flesh":2,"minecraft:oak_sapling":3,"minecraft:mutton":4,"minecraft:coal":30,"minecraft:white_wool":3,"minecraft:cobblestone":41},"minecraft:custom":{"minecraft:interact_with_furnace":18,"minecraft:mob_kills":9,"minecraft:interact_with_crafting_table":19,"minecraft:damage_dealt_resisted":35,"minecraft:leave_game":6,"minecraft:time_since_death":5555,"minecraft:sleep_in_bed":1,"minecraft:climb_one_cm":177,"minecraft:time_since_rest":5707,"minecraft:sprint_one_cm":101001,"minecraft:damage_taken":380,"minecraft:walk_one_cm":85854,"minecraft:drop":1,"minecraft:damage_dealt":840,"minecraft:damage_dealt_absorbed":53,"minecraft:swim_one_cm":3006,"minecraft:fly_one_cm":47860,"minecraft:crouch_one_cm":4878,"minecraft:play_time":32444,"minecraft:deaths":1,"minecraft:sneak_time":1387,"minecraft:walk_under_water_one_cm":2469,"minecraft:boat_one_cm":60750,"minecraft:jump":341,"minecraft:walk_on_water_one_cm":7842,"minecraft:total_world_time":32444,"minecraft:fall_one_cm":4124},"minecraft:used":{"minecraft:spruce_door":2,"minecraft:birch_planks":7,"minecraft:stone_pickaxe":63,"minecraft:birch_boat":1,"minecraft:wooden_pickaxe":6,"minecraft:torch":3,"minecraft:dirt":16,"minecraft:crafting_table":6,"minecraft:white_bed":1,"minecraft:stone_axe":48,"minecraft:cooked_porkchop":1,"minecraft:furnace":2,"minecraft:porkchop":2,"minecraft:oak_boat":1},"minecraft:dropped":{"minecraft:oak_sapling":1},"minecraft:killed_by":{"minecraft:zombie":1}},"DataVersion":3465}