{"stats":{"minecraft:killed":{"minecraft:pig":16,"minecraft:sheep":17,"minecraft:cow":6},"minecraft:mined":{"minecraft:oak_slab":2,"minecraft:white_bed":1,"minecraft:spruce_door":1,"minecraft:crafting_table":6,"minecraft:grass_block":10,"minecraft:tall_grass":12,"minecraft:cobblestone":19,"minecraft:spruce_leaves":5,"minecraft:sugar_cane":24,"minecraft:oak_planks":6,"create:shaft":5,"minecraft:furnace":4,"minecraft:birch_log":11,"minecraft:spruce_log":13,"minecraft:birch_leaves":1,"minecraft:andesite":4,"minecraft:grass":10,"minecraft:oak_log":50,"minecraft:coal_ore":21,"minecraft:dirt":30,"minecraft:green_carpet":1,"minecraft:stone":95,"minecraft:white_wool":1,"minecraft:oak_leaves":23,"minecraft:fern":1},"minecraft:crafted":{"minecraft:cooked_beef":12,"minecraft:oak_slab":18,"minecraft:oak_planks":200,"create:andesite_alloy":9,"minecraft:diamond_sword":1,"minecraft:cooked_porkchop":17,"minecraft:crafting_table":3,"minecraft:diamond_axe":1,"minecraft:iron_nugget":18,"minecraft:spruce_planks":48,"minecraft:birch_boat":1,"minecraft:wooden_pickaxe":2,"minecraft:iron_helmet":1,"minecraft:spruce_door":3,"create:large_water_wheel":2,"minecraft:furnace":4,"minecraft:birch_planks":44,"minecraft:bucket":1,"minecraft:stone_axe":2,"minecraft:cooked_mutton":4,"minecraft:air":0,"minecraft:oak_boat":1,"minecraft:diamond_pickaxe":1,"create:water_wheel":2,"minecraft:stick":20,"minecraft:stone_pickaxe":2,"minecraft:diamond_boots":1,"minecraft:iron_leggings":1,"create:large_cogwheel":5,"minecraft:white_bed":1,"create:shaft":16,"minecraft:torch":8,"create:cogwheel":5,"minecraft:diamond_chestplate":1},"minecraft:picked_up":{"minecraft:birch_log":11,"minecraft:crafting_table":6,"minecraft:andesite":2,"minecraft:leather":8,"minecraft:oak_log":50,"create:raw_zinc":40,"minecraft:lily_pad":8,"minecraft:dirt":40,"minecraft:bone":1,"minecraft:iron_ingot":36,"minecraft:stone_pickaxe":1,"minecraft:beef":12,"minecraft:oak_boat":4,"create:shaft":5,"minecraft:sugar_cane":48,"minecraft:oak_planks":48,"minecraft:furnace":4,"minecraft:oak_slab":2,"minecraft:stick":3,"minecraft:raw_iron":9,"create:large_water_wheel":1,"minecraft:porkchop":40,"minecraft:spruce_sapling":2,"minecraft:spruce_log":12,"minecraft:green_carpet":1,"minecraft:spruce_door":1,"minecraft:arrow":2,"minecraft:rotten_flesh":2,"minecraft:diamond":31,"minecraft:oak_sapling":3,"minecraft:mutton":24,"minecraft:coal":30,"minecraft:white_wool":18,"minecraft:cobblestone":114},"minecraft:custom":{"minecraft:interact_with_furnace":49,"minecraft:mob_kills":39,"minecraft:interact_with_crafting_table":49,"minecraft:damage_dealt_resisted":35,"minecraft:leave_game":9,"minecraft:time_since_death":88809,"minecraft:sleep_in_bed":6,"minecraft:climb_one_cm":4142,"minecraft:time_since_rest":15632,"minecraft:sprint_one_cm":277897,"minecraft:damage_taken":530,"minecraft:walk_one_cm":357474,"minecraft:drop":7,"minecraft:damage_dealt":3560,"minecraft:damage_dealt_absorbed":53,"minecraft:swim_one_cm":4332,"minecraft:fly_one_cm":297194,"minecraft:open_chest":36,"minecraft:crouch_one_cm":14385,"minecraft:play_time":115698,"minecraft:deaths":1,"minecraft:sneak_time":3524,"minecraft:walk_under_water_one_cm":4012,"minecraft:boat_one_cm":143955,"minecraft:jump":1670,"minecraft:walk_on_water_one_cm":11109,"minecraft:total_world_time":115698,"minecraft:fall_one_cm":29442},"minecraft:used":{"minecraft:water_bucket":4,"minecraft:spruce_door":2,"minecraft:birch_planks":7,"minecraft:stone_pickaxe":81,"minecraft:oak_planks":56,"minecraft:chest":2,"minecraft:wooden_pickaxe":11,"minecraft:birch_boat":1,"minecraft:diamond_axe":5,"minecraft:white_wool":6,"minecraft:torch":3,"minecraft:dirt":24,"minecraft:oak_slab":20,"minecraft:crafting_table":7,"minecraft:white_bed":1,"create:cogwheel":6,"minecraft:diamond_pickaxe":4,"minecraft:apple":1,"minecraft:iron_pickaxe":56,"minecraft:spruce_sapling":1,"create:large_water_wheel":3,"minecraft:stone_axe":135,"minecraft:cobblestone":51,"create:shaft":9,"minecraft:porkchop":2,"minecraft:furnace":6,"minecraft:cooked_porkchop":7,"minecraft:andesite":10,"minecraft:bucket":4,"minecraft:oak_boat":5,"create:large_cogwheel":3},"minecraft:dropped":{"minecraft:cooked_porkchop":3,"minecraft:stick":2,"minecraft:dirt":9,"minecraft:oak_sapling":1,"minecraft:stone_pickaxe":1},"minecraft:killed_by":{"minecraft:zombie":1}},"DataVersion":3465}