{"stats":{"minecraft:killed":{"minecraft:pig":16,"minecraft:sheep":17,"minecraft:cow":6},"minecraft:mined":{"minecraft:oak_slab":2,"create:cogwheel":1,"minecraft:white_bed":1,"minecraft:cobbled_deepslate_stairs":7,"create:andesite_casing":15,"minecraft:spruce_door":1,"minecraft:crafting_table":6,"minecraft:grass_block":10,"create:large_cogwheel":2,"minecraft:tall_grass":12,"minecraft:cobblestone":20,"minecraft:spruce_leaves":5,"minecraft:sugar_cane":24,"minecraft:oak_planks":7,"create:shaft":14,"minecraft:furnace":4,"create:gearbox":1,"minecraft:cobbled_deepslate":37,"minecraft:birch_log":11,"minecraft:spruce_log":13,"minecraft:birch_leaves":1,"minecraft:andesite":4,"create:mechanical_drill":3,"minecraft:grass":11,"minecraft:oak_log":50,"minecraft:coal_ore":21,"minecraft:dirt":30,"minecraft:green_carpet":1,"minecraft:stone":95,"minecraft:white_wool":1,"minecraft:oak_leaves":30,"minecraft:fern":1},"minecraft:crafted":{"minecraft:cooked_beef":12,"minecraft:oak_slab":18,"minecraft:oak_planks":200,"create:andesite_alloy":45,"minecraft:diamond_sword":1,"minecraft:cooked_porkchop":17,"minecraft:crafting_table":3,"minecraft:diamond_axe":1,"minecraft:iron_nugget":171,"minecraft:spruce_planks":48,"minecraft:birch_boat":1,"minecraft:wooden_pickaxe":2,"minecraft:iron_helmet":1,"minecraft:spruce_door":3,"create:large_water_wheel":2,"minecraft:furnace":4,"minecraft:birch_planks":44,"minecraft:bucket":2,"minecraft:stone_axe":2,"minecraft:cooked_mutton":4,"minecraft:air":0,"create:vertical_gearbox":1,"create:gearbox":1,"minecraft:oak_boat":1,"minecraft:diamond_pickaxe":1,"create:water_wheel":2,"minecraft:stick":20,"minecraft:iron_ingot":8,"minecraft:stone_pickaxe":2,"minecraft:cobbled_deepslate_stairs":8,"minecraft:diamond_boots":1,"minecraft:iron_leggings":1,"create:large_cogwheel":5,"minecraft:white_bed":1,"create:mechanical_drill":6,"create:shaft":40,"minecraft:torch":8,"create:cogwheel":10,"minecraft:diamond_chestplate":1},"minecraft:picked_up":{"minecraft:birch_log":11,"minecraft:crafting_table":6,"minecraft:andesite":130,"minecraft:leather":8,"minecraft:oak_log":50,"create:raw_zinc":40,"minecraft:lily_pad":8,"minecraft:cobbled_deepslate_stairs":7,"minecraft:dirt":40,"minecraft:bone":1,"create:mechanical_drill":3,"minecraft:cobbled_deepslate":29,"minecraft:iron_ingot":36,"minecraft:stone_pickaxe":1,"minecraft:beef":12,"minecraft:oak_boat":4,"create:shaft":14,"minecraft:sugar_cane":48,"minecraft:oak_planks":50,"minecraft:furnace":4,"minecraft:oak_slab":2,"minecraft:stick":3,"minecraft:raw_iron":9,"create:large_water_wheel":1,"create:cogwheel":1,"create:andesite_casing":15,"minecraft:lava_bucket":2,"minecraft:porkchop":40,"minecraft:spruce_sapling":2,"minecraft:spruce_log":12,"minecraft:redstone":64,"minecraft:green_carpet":1,"minecraft:spruce_door":1,"create:gearbox":1,"create:large_cogwheel":2,"minecraft:arrow":2,"minecraft:rotten_flesh":2,"minecraft:diamond":31,"minecraft:oak_sapling":4,"minecraft:mutton":24,"minecraft:coal":30,"minecraft:white_wool":18,"minecraft:cobblestone":114,"minecraft:diamond_pickaxe":1},"minecraft:custom":{"minecraft:interact_with_furnace":51,"minecraft:mob_kills":39,"minecraft:interact_with_crafting_table":59,"minecraft:damage_dealt_resisted":35,"minecraft:leave_game":9,"minecraft:time_since_death":112809,"minecraft:sleep_in_bed":6,"minecraft:climb_one_cm":4578,"minecraft:time_since_rest":39632,"minecraft:sprint_one_cm":335806,"minecraft:damage_taken":550,"minecraft:walk_one_cm":420140,"minecraft:drop":9,"minecraft:damage_dealt":3560,"minecraft:damage_dealt_absorbed":53,"minecraft:swim_one_cm":9171,"minecraft:fly_one_cm":328184,"minecraft:open_chest":51,"minecraft:crouch_one_cm":29078,"minecraft:play_time":139698,"minecraft:deaths":1,"minecraft:sneak_time":7425,"minecraft:walk_under_water_one_cm":5265,"minecraft:boat_one_cm":143955,"minecraft:jump":1888,"minecraft:walk_on_water_one_cm":15776,"minecraft:total_world_time":139698,"minecraft:fall_one_cm":32347},"minecraft:used":{"minecraft:water_bucket":15,"minecraft:spruce_door":2,"minecraft:birch_planks":7,"minecraft:stone_pickaxe":81,"minecraft:oak_planks":58,"minecraft:chest":2,"minecraft:wooden_pickaxe":11,"minecraft:birch_boat":1,"minecraft:diamond_axe":48,"minecraft:white_wool":6,"minecraft:torch":3,"minecraft:dirt":24,"minecraft:oak_slab":20,"minecraft:crafting_table":7,"minecraft:white_bed":1,"create:cogwheel":12,"minecraft:cobbled_deepslate_stairs":13,"minecraft:lava_bucket":2,"minecraft:diamond_pickaxe":61,"minecraft:apple":1,"create:gearbox":1,"minecraft:iron_pickaxe":56,"minecraft:spruce_sapling":1,"create:large_water_wheel":3,"minecraft:stone_axe":135,"minecraft:cobblestone":51,"create:mechanical_drill":9,"create:shaft":25,"minecraft:porkchop":2,"minecraft:furnace":6,"minecraft:cooked_porkchop":7,"minecraft:andesite":10,"minecraft:bucket":16,"minecraft:oak_boat":5,"minecraft:cooked_beef":2,"create:vertical_gearbox":1,"minecraft:cobbled_deepslate":89,"create:large_cogwheel":7},"minecraft:dropped":{"minecraft:cooked_porkchop":3,"minecraft:stick":2,"minecraft:dirt":9,"minecraft:diamond_pickaxe":1,"minecraft:oak_sapling":1,"minecraft:stone_pickaxe":1,"minecraft:bucket":2},"minecraft:killed_by":{"minecraft:zombie":1}},"DataVersion":3465}