{"stats":{"minecraft:killed":{"minecraft:pig":16,"minecraft:sheep":17,"minecraft:cow":6},"minecraft:mined":{"minecraft:oak_slab":2,"minecraft:white_bed":1,"minecraft:spruce_door":1,"minecraft:crafting_table":6,"minecraft:grass_block":10,"minecraft:cobblestone":6,"minecraft:tall_grass":12,"minecraft:spruce_leaves":5,"minecraft:sugar_cane":24,"minecraft:oak_planks":4,"minecraft:furnace":4,"minecraft:birch_log":11,"minecraft:spruce_log":13,"minecraft:birch_leaves":1,"minecraft:grass":10,"minecraft:oak_log":32,"minecraft:coal_ore":21,"minecraft:dirt":30,"minecraft:green_carpet":1,"minecraft:stone":95,"minecraft:oak_leaves":16},"minecraft:crafted":{"minecraft:cooked_beef":12,"minecraft:oak_planks":128,"minecraft:oak_slab":18,"create:andesite_alloy":9,"minecraft:cooked_porkchop":17,"minecraft:iron_nugget":18,"minecraft:crafting_table":3,"minecraft:spruce_planks":48,"minecraft:birch_boat":1,"minecraft:wooden_pickaxe":2,"minecraft:spruce_door":3,"create:large_water_wheel":1,"minecraft:furnace":4,"minecraft:birch_planks":44,"minecraft:stone_axe":2,"minecraft:cooked_mutton":4,"minecraft:air":0,"minecraft:oak_boat":1,"create:water_wheel":2,"minecraft:stick":20,"minecraft:stone_pickaxe":2,"minecraft:white_bed":1,"create:shaft":16,"minecraft:torch":8},"minecraft:picked_up":{"minecraft:birch_log":11,"minecraft:crafting_table":6,"minecraft:leather":8,"minecraft:oak_log":32,"minecraft:lily_pad":8,"minecraft:dirt":40,"minecraft:stone_pickaxe":1,"minecraft:beef":12,"minecraft:oak_boat":4,"minecraft:sugar_cane":48,"minecraft:oak_planks":46,"minecraft:furnace":4,"minecraft:oak_slab":2,"minecraft:porkchop":40,"minecraft:spruce_sapling":2,"minecraft:spruce_log":12,"minecraft:green_carpet":1,"minecraft:spruce_door":1,"minecraft:rotten_flesh":2,"minecraft:oak_sapling":3,"minecraft:mutton":24,"minecraft:coal":30,"minecraft:white_wool":17,"minecraft:cobblestone":101},"minecraft:custom":{"minecraft:interact_with_furnace":47,"minecraft:mob_kills":39,"minecraft:interact_with_crafting_table":31,"minecraft:damage_dealt_resisted":35,"minecraft:leave_game":7,"minecraft:time_since_death":48088,"minecraft:sleep_in_bed":4,"minecraft:climb_one_cm":1859,"minecraft:time_since_rest":13356,"minecraft:sprint_one_cm":221396,"minecraft:damage_taken":510,"minecraft:walk_one_cm":241964,"minecraft:drop":5,"minecraft:damage_dealt":3560,"minecraft:damage_dealt_absorbed":53,"minecraft:swim_one_cm":4332,"minecraft:fly_one_cm":235413,"minecraft:open_chest":19,"minecraft:crouch_one_cm":10932,"minecraft:play_time":74977,"minecraft:deaths":1,"minecraft:sneak_time":2892,"minecraft:walk_under_water_one_cm":3210,"minecraft:boat_one_cm":143955,"minecraft:jump":1286,"minecraft:walk_on_water_one_cm":10154,"minecraft:total_world_time":74977,"minecraft:fall_one_cm":21674},"minecraft:used":{"minecraft:spruce_door":2,"minecraft:birch_planks":7,"minecraft:stone_pickaxe":81,"minecraft:oak_planks":10,"minecraft:wooden_pickaxe":11,"minecraft:chest":2,"minecraft:birch_boat":1,"minecraft:white_wool":6,"minecraft:torch":3,"minecraft:dirt":24,"minecraft:oak_slab":20,"minecraft:crafting_table":7,"minecraft:white_bed":1,"minecraft:iron_pickaxe":38,"minecraft:spruce_sapling":1,"create:large_water_wheel":1,"minecraft:stone_axe":113,"minecraft:cobblestone":38,"create:shaft":3,"minecraft:furnace":6,"minecraft:porkchop":2,"minecraft:cooked_porkchop":5,"minecraft:oak_boat":5},"minecraft:dropped":{"minecraft:cooked_porkchop":3,"minecraft:oak_sapling":1,"minecraft:stone_pickaxe":1},"minecraft:killed_by":{"minecraft:zombie":1}},"DataVersion":3465}